{
  "direct_llm": {
    "diagnosis": {
      "n_scored": 80,
      "accuracy": 0.75,
      "n_correct": 60,
      "rouge_l": 0.10827725666716732,
      "token_f1": 0.13010667454862002,
      "term_level": {
        "tp": 83,
        "fp": 383,
        "fn": 232,
        "precision": 0.1781115879828326,
        "recall": 0.2634920634920635,
        "f1": 0.21254801536491677,
        "tier_breakdown": {
          "no_match": 383,
          "ita_match": 18,
          "word_overlap": 56,
          "fuzzy_match": 9
        }
      }
    },
    "treatment": {
      "n_scored": 80,
      "accuracy": 1.0,
      "n_correct": 80,
      "rouge_l": 0.032812885358422625,
      "token_f1": 0.08270282940588859,
      "term_level": {
        "tp": 388,
        "fp": 3810,
        "fn": 383,
        "precision": 0.09242496426869938,
        "recall": 0.503242542153048,
        "f1": 0.15616824310726504,
        "tier_breakdown": {
          "no_match": 3810,
          "word_overlap": 388
        }
      }
    }
  },
  "full_pipeline": {
    "diagnosis": {
      "n_scored": 80,
      "accuracy": 0.8,
      "n_correct": 64,
      "rouge_l": 0.06534904387245014,
      "token_f1": 0.08780640104152251,
      "term_level": {
        "tp": 109,
        "fp": 1704,
        "fn": 206,
        "precision": 0.06012134583563155,
        "recall": 0.346031746031746,
        "f1": 0.10244360902255639,
        "tier_breakdown": {
          "word_overlap": 77,
          "no_match": 1704,
          "fuzzy_match": 8,
          "ita_match": 24
        }
      }
    },
    "treatment": {
      "n_scored": 80,
      "accuracy": 1.0,
      "n_correct": 80,
      "rouge_l": 0.06274664357218013,
      "token_f1": 0.1251453903403526,
      "term_level": {
        "tp": 359,
        "fp": 2071,
        "fn": 412,
        "precision": 0.14773662551440328,
        "recall": 0.4656290531776913,
        "f1": 0.22430490471727588,
        "tier_breakdown": {
          "no_match": 2071,
          "word_overlap": 356,
          "fuzzy_match": 3
        }
      }
    }
  }
}